"","country","country_code","latitude","longitude"
"1","Unknown","Unknown",0,0
"2","Unknown","Unknown",-22.9667,-44.3167
"3","Unknown","Unknown",20.8333,71.4667
"4","Unknown","Unknown",-33.1564,115.6764
"5","Unknown","Unknown",11.75,122.3333
"6","Unknown","Unknown",-31.6667,152.8333
"7","Unknown","Unknown",33.4333,127.2667
"8","Unknown","Unknown",-3,151
"9","Unknown","Unknown",1.1667,44.1667
"10","Unknown","Unknown",27.3333,35.6667
"11","Unknown","Unknown",-7,115.5
"12","Unknown","Unknown",-20,57
"13","Unknown","Unknown",38.1833,15.5667
"14","Unknown","Unknown",9.3333,80.8333
"15","Unknown","Unknown",32.1167,121.8
"16","Unknown","Unknown",39,-0.0333
"17","Unknown","Unknown",26.6667,50.15
"18","Unknown","Unknown",34.72,137.305
"19","Unknown","Unknown",31.3333,121.6667
"20","Unknown","Unknown",12.5,-137.7
"21","Unknown","Unknown",11.7,-137.8
"22","Unknown","Unknown",55.1833,-162.55
"23","Unknown","Unknown",26.2833,34.25
"24","Unknown","Unknown",72.8833,-25.1167
"25","Unknown","Unknown",-57.7867,-90.7933
"26","Unknown","Unknown",-33.8667,121.9167
"27","Unknown","Unknown",30.3117,-86.1667
"28","Unknown","Unknown",70.7333,-117.75
"29","Unknown","Unknown",18.4254,56.8226
"30","Unknown","Unknown",-40.7333,146.9667
"31","Unknown","Unknown",-1.9462,354.4733
"32","Unknown","Unknown",46.5,30.7667
"33","Unknown","Unknown",72.6833,143.5333
"34","Unknown","Unknown",29.9,-112.6833
"35","Unknown","Unknown",-76.2428,158.6563
"36","Unknown","Unknown",-76.2207,157.815
"37","Unknown","Unknown",-76.2475,157.9071
"38","Unknown","Unknown",-76.2472,158.5953
"39","Unknown","Unknown",-76.2318,158.3777
"40","Unknown","Unknown",-76.2212,157.8201
"41","Unknown","Unknown",-76.2199,158.3778
"42","Unknown","Unknown",-76.2203,158.3797
"43","Unknown","Unknown",-76.2207,158.3762
"44","Unknown","Unknown",-76.22,158.3768
"45","Unknown","Unknown",-76.239,158.2258
"46","Unknown","Unknown",-76.2208,158.374
"47","Unknown","Unknown",-76.2206,158.376
"48","Unknown","Unknown",-76.2217,157.7867
"49","Unknown","Unknown",-76.2201,158.3764
"50","Unknown","Unknown",-76.2199,158.3784
"51","Unknown","Unknown",-76.2199,158.3789
"52","Unknown","Unknown",-76.2198,158.379
"53","Unknown","Unknown",-76.2329,158.1023
"54","Unknown","Unknown",-76.2313,158.1021
"55","Unknown","Unknown",-76.2418,158.1576
"56","Unknown","Unknown",-76.2404,158.0901
"57","Unknown","Unknown",-76.22,158.379
"58","Unknown","Unknown",-76.2199,158.3783
"59","Unknown","Unknown",-76.2399,158.1472
"60","Unknown","Unknown",-76.2417,158.1574
"61","Unknown","Unknown",-76.2242,158.0457
"62","Unknown","Unknown",-76.22,158.3783
"63","Unknown","Unknown",-76.231,158.1015
"64","Unknown","Unknown",-76.2403,158.1488
"65","Unknown","Unknown",-76.2667,159.25
"66","Unknown","Unknown",-76.2139,158.4332
"67","Unknown","Unknown",-76.2161,158.545
"68","Unknown","Unknown",-76.2402,158.5981
"69","Unknown","Unknown",-76.2264,158.4455
"70","Unknown","Unknown",-76.2154,158.5392
"71","Unknown","Unknown",-76.2313,158.4426
"72","Unknown","Unknown",-76.2509,158.308
"73","Unknown","Unknown",-76.2066,158.4935
"74","Unknown","Unknown",-76.2108,158.4572
"75","Unknown","Unknown",-76.2073,158.4936
"76","Unknown","Unknown",-76.2174,158.397
"77","Unknown","Unknown",-76.215,158.4211
"78","Unknown","Unknown",-76.2094,158.468
"79","Unknown","Unknown",-76.2219,158.5361
"80","Unknown","Unknown",-76.2111,158.4474
"81","Unknown","Unknown",-76.2408,158.2389
"82","Unknown","Unknown",-76.2068,158.4849
"83","Unknown","Unknown",-76.2212,158.67
"84","Unknown","Unknown",-76.2178,158.6062
"85","Unknown","Unknown",-76.2068,158.5001
"86","Unknown","Unknown",-76.2378,158.2624
"87","Unknown","Unknown",-76.2423,158.2669
"88","Unknown","Unknown",-76.2233,158.6845
"89","Unknown","Unknown",-76.2361,158.3279
"90","Unknown","Unknown",-76.2384,158.2487
"91","Unknown","Unknown",-76.2231,158.5694
"92","Unknown","Unknown",-76.2061,158.5069
"93","Unknown","Unknown",-76.2361,158.3175
"94","Unknown","Unknown",-76.252,158.5972
"95","Unknown","Unknown",-76.2159,158.6198
"96","Unknown","Unknown",-76.2238,158.5619
"97","Unknown","Unknown",-76.2078,158.4936
"98","Unknown","Unknown",-76.2076,158.5093
"99","Unknown","Unknown",-76.229,158.2634
"100","Unknown","Unknown",-76.208,158.4829
"101","Unknown","Unknown",-76.2217,158.6847
"102","Unknown","Unknown",-76.2353,158.3267
"103","Unknown","Unknown",-76.219,158.4182
"104","Unknown","Unknown",-76.2069,158.5236
"105","Unknown","Unknown",-76.2223,158.4305
"106","Unknown","Unknown",-76.2437,158.2173
"107","Unknown","Unknown",-76.2262,158.6132
"108","Unknown","Unknown",-76.2498,158.2076
"109","Unknown","Unknown",-76.2117,158.4412
"110","Unknown","Unknown",-76.2196,158.3792
"111","Unknown","Unknown",-76.2101,158.4746
"112","Unknown","Unknown",-76.2173,158.4017
"113","Unknown","Unknown",-76.2388,158.2702
"114","Unknown","Unknown",-76.2081,158.4926
"115","Unknown","Unknown",-76.2061,158.4843
"116","Unknown","Unknown",-76.236,158.2172
"117","Unknown","Unknown",-76.2287,158.2662
"118","Unknown","Unknown",-76.2231,158.354
"119","Unknown","Unknown",-76.247,158.2423
"120","Unknown","Unknown",-76.2155,158.4004
"121","Unknown","Unknown",-76.2228,158.7929
"122","Unknown","Unknown",-76.2233,158.3541
"123","Unknown","Unknown",-76.2066,158.481
"124","Unknown","Unknown",-76.2181,158.8118
"125","Unknown","Unknown",-76.2234,158.3523
"126","Unknown","Unknown",-76.2132,158.4404
"127","Unknown","Unknown",-76.2354,158.7148
"128","Unknown","Unknown",-76.2206,158.3762
"129","Unknown","Unknown",-76.235,158.7604
"130","Unknown","Unknown",-76.2092,158.4756
"131","Unknown","Unknown",-76.2086,158.5105
"132","Unknown","Unknown",-76.2214,158.6719
"133","Unknown","Unknown",-76.2147,158.4273
"134","Unknown","Unknown",-76.2384,158.2886
"135","Unknown","Unknown",-76.2065,158.5095
"136","Unknown","Unknown",-76.233,158.27
"137","Unknown","Unknown",53.075,-105.8417
"138","Unknown","Unknown",35.6531,-114.0244
"139","Unknown","Unknown",35.6455,-114.0307
"140","Unknown","Unknown",35.6464,-114.0285
"141","Unknown","Unknown",35.6465,-114.0285
"142","Unknown","Unknown",35.627,-114.0434
"143","Unknown","Unknown",35.6272,-114.0432
"144","Unknown","Unknown",35.6619,-114.0271
"145","Unknown","Unknown",35.6638,-114.027
"146","Unknown","Unknown",35.6973,-114.032
"147","Unknown","Unknown",35.6795,-114.0434
"148","Unknown","Unknown",35.6448,-114.0345
"149","Unknown","Unknown",35.6268,-114.0437
"150","Unknown","Unknown",35.6973,-114.0617
"151","Unknown","Unknown",35.6333,-114.0833
"152","Unknown","Unknown",35.6413,-114.09
"153","Unknown","Unknown",35.647,-114.0955
"154","Unknown","Unknown",35.6587,-114.0257
"155","Unknown","Unknown",35.64,-114.0328
"156","Unknown","Unknown",35.6245,-114.0469
"157","Unknown","Unknown",32,-95
"158","Unknown","Unknown",35.4167,-117.9167
"159","Unknown","Unknown",40.25,-100.5
"160","Unknown","Unknown",-30.7167,116.5
"161","Unknown","Unknown",53.9329,-112.977
"162","Unknown","Unknown",43.8667,-85.5167
"163","Unknown","Unknown",25.5833,0.5
"164","Unknown","Unknown",25.6333,0.5333
"165","Unknown","Unknown",25.6333,0.5
"166","Unknown","Unknown",-30.0667,128.9833
"167","Unknown","Unknown",-30.0667,128.9667
"168","Unknown","Unknown",-30.25,128.8
"169","Unknown","Unknown",-30.15,128.8
"170","Unknown","Unknown",-30.6,128.4833
"171","Unknown","Unknown",-30.65,128.4083
"172","Unknown","Unknown",-30.0833,128.8167
"173","Unknown","Unknown",-30.3167,128.985
"174","Unknown","Unknown",-30.3217,128.85
"175","Unknown","Unknown",-30.2167,128.3
"176","Unknown","Unknown",-30.5,128.5
"177","Unknown","Unknown",-30.0833,128.9167
"178","Unknown","Unknown",-30.0833,128.8333
"179","Unknown","Unknown",-30.2867,128.635
"180","Unknown","Unknown",-30.1667,129
"181","Unknown","Unknown",-30.1667,128.9167
"182","Unknown","Unknown",-30.5173,128.4762
"183","Unknown","Unknown",-30.5167,128.4583
"184","Unknown","Unknown",-30.0678,128.9848
"185","Unknown","Unknown",-30.3028,128.5262
"186","Unknown","Unknown",-30.3008,128.5255
"187","Unknown","Unknown",-30.3183,128.3833
"188","Unknown","Unknown",-30.2867,128.5733
"189","Unknown","Unknown",-30.2483,128.6353
"190","Unknown","Unknown",-30.3181,128.3733
"191","Unknown","Unknown",-30.1237,128.8495
"192","Unknown","Unknown",-23.1756,-69.7183
"193","Unknown","Unknown",36.9867,-97.555
"194","Unknown","Unknown",40.0833,-98.9167
"195","Unknown","Unknown",39.4589,-4.3775
"196","Unknown","Unknown",23.2925,-10.1748
"197","Unknown","Unknown",23.3907,-9.9402
"198","Unknown","Unknown",-34.6667,139.2833
"199","Unknown","Unknown",33.5333,-99.6167
"200","Unknown","Unknown",-21.9833,-69.6167
"201","Unknown","Unknown",10,9
"202","Unknown","Unknown",37.2222,-101.6814
"203","Unknown","Unknown",31.9,-96.4
"204","Unknown","Unknown",35.5833,-117.5667
"205","Unknown","Unknown",38.5167,-107.8333
"206","Unknown","Unknown",-23.8708,-67.1764
"207","Unknown","Unknown",-32.8717,-64.2233
"208","Unknown","Unknown",-13.1233,-42.2885
"209","Unknown","Unknown",-39.85,-69.4833
"210","Unknown","Unknown",35.3,-106.6333
"211","Unknown","Unknown",-30.3667,126.0167
"212","Unknown","Unknown",50.94,-96.9917
"213","Unknown","Unknown",35.6333,-115.3667
"214","Unknown","Unknown",35.6593,-115.3717
"215","Unknown","Unknown",35.6717,-115.3672
"216","Unknown","Unknown",35.6835,-115.347
"217","Unknown","Unknown",35.673,-115.3672
"218","Unknown","Unknown",35.6808,-115.3406
"219","Unknown","Unknown",35.6741,-115.3681
"220","Unknown","Unknown",35.6701,-115.3725
"221","Unknown","Unknown",35.6773,-115.3566
"222","Unknown","Unknown",35.6735,-115.3507
"223","Unknown","Unknown",35.6659,-115.3708
"224","Unknown","Unknown",-72.6533,160.307
"225","Unknown","Unknown",34.0833,-103.5
"226","Unknown","Unknown",34.4222,-101.4975
"227","Unknown","Unknown",41.65,-109.025
"228","Unknown","Unknown",25.3333,-104.6667
"229","Unknown","Unknown",-22.3333,118
"230","Unknown","Unknown",34.065,-103.4083
"231","Unknown","Unknown",37.1167,-101.6
"232","Unknown","Unknown",37.0833,-101.6
"233","Unknown","Unknown",50.2853,46.6997
"234","Unknown","Unknown",35.7667,-102.95
"235","Unknown","Unknown",-23.0833,14.715
"236","Unknown","Unknown",34.8667,-98.95
"237","Unknown","Unknown",33.7833,-103.5667
"238","Unknown","Unknown",33.7167,-103.65
"239","Unknown","Unknown",33.8833,-103.5667
"240","Unknown","Unknown",34.2167,-103.2833
"241","Unknown","Unknown",33.0833,-103.5
"242","Unknown","Unknown",33.75,-103.1333
"243","Unknown","Unknown",34.1,-103.4833
"244","Unknown","Unknown",34.2167,-103.2
"245","Unknown","Unknown",34.3167,-103.4167
"246","Unknown","Unknown",34.1167,-103.5667
"247","Unknown","Unknown",34.1333,-103.5667
"248","Unknown","Unknown",33.8181,-103.2069
"249","Unknown","Unknown",34.1833,-103.2333
"250","Unknown","Unknown",34.15,-104.0167
"251","Unknown","Unknown",33.8,-103.25
"252","Unknown","Unknown",34.2833,-103.4333
"253","Unknown","Unknown",33.7833,-103.55
"254","Unknown","Unknown",34.0833,-103.6167
"255","Unknown","Unknown",34.0833,-103.5167
"256","Unknown","Unknown",34.3,-103.45
"257","Unknown","Unknown",34.25,-103.5167
"258","Unknown","Unknown",34.2333,-103.25
"259","Unknown","Unknown",34.1333,-103.3667
"260","Unknown","Unknown",33.6167,-103.45
"261","Unknown","Unknown",34.2167,-103.35
"262","Unknown","Unknown",33.8833,-103.7
"263","Unknown","Unknown",34.3,-103.4333
"264","Unknown","Unknown",34.4167,-103.5833
"265","Unknown","Unknown",34.2167,-103.5
"266","Unknown","Unknown",34.0833,-103.4833
"267","Unknown","Unknown",34.1833,-103.4333
"268","Unknown","Unknown",34.1,-103.5833
"269","Unknown","Unknown",34.05,-103.5
"270","Unknown","Unknown",33.6333,-103.1667
"271","Unknown","Unknown",34.0833,-103.5667
"272","Unknown","Unknown",33.6667,-103.4167
"273","Unknown","Unknown",34.2,-103.2333
"274","Unknown","Unknown",34.3167,-103.3833
"275","Unknown","Unknown",34.2833,-103.2833
"276","Unknown","Unknown",34.0667,-103.5167
"277","Unknown","Unknown",34.1333,-103.5333
"278","Unknown","Unknown",34.2833,-103.5167
"279","Unknown","Unknown",34.0917,-103.5017
"280","Unknown","Unknown",34.0917,-103.6767
"281","Unknown","Unknown",33.9583,-103.9383
"282","Unknown","Unknown",34.2167,-103.55
"283","Unknown","Unknown",33.6,-103.3
"284","Unknown","Unknown",34.05,-103.5833
"285","Unknown","Unknown",33.995,-103.25
"286","Unknown","Unknown",33.7388,-103.65
"287","Unknown","Unknown",33.7222,-103.6733
"288","Unknown","Unknown",34.1883,-103.9417
"289","Unknown","Unknown",34.2167,-103.9333
"290","Unknown","Unknown",34.2167,-103.1333
"291","Unknown","Unknown",34.2167,-103.1833
"292","Unknown","Unknown",33.7367,-103.6233
"293","Unknown","Unknown",-15,135
"294","Unknown","Unknown",34.8279,-118.1464
"295","Unknown","Unknown",34.8333,-118.0667
"296","Unknown","Unknown",14.6,-88.6833
"297","Unknown","Unknown",30.8167,-97.05
"298","Unknown","Unknown",30.0581,-96.6514
"299","Unknown","Unknown",30.0667,-96.7
"300","Unknown","Unknown",39.1667,-98.4333
"301","Unknown","Unknown",46.7833,-108.5667
"302","Unknown","Unknown",-29.8,148.6333
"303","Unknown","Unknown",35.95,-104.2
"304","Unknown","Unknown",20,50
"305","Unknown","Unknown",34.3,-81.4
"306","Unknown","Unknown",48.348,17.866
"307","Unknown","Unknown",39.5,-85.5
"308","Unknown","Unknown",38.6167,-102.7167
"309","Unknown","Unknown",39.6167,-85.45
"310","Unknown","Unknown",39.8,-105.5
"311","Unknown","Unknown",32.1333,-111.1333
"312","Unknown","Unknown",81.1667,-49
"313","Unknown","Unknown",32.9167,-104.6667
"314","Unknown","Unknown",34.7564,-114.2344
"315","Unknown","Unknown",34.7563,-114.2343
"316","Unknown","Unknown",34.7587,-114.2334
"317","Unknown","Unknown",34.7508,-114.2272
"318","Unknown","Unknown",34.7467,-114.21
"319","Unknown","Unknown",30.2667,-4.6667
"320","Unknown","Unknown",32.8658,-97.3231
"321","Unknown","Unknown",40.7167,-90.4167
"322","Unknown","Unknown",48.4833,3.5833
"323","Unknown","Unknown",-21.1922,55.6864
"324","Unknown","Unknown",27,-105.25
"325","Unknown","Unknown",-23.826,-68.5722
"326","Unknown","Unknown",-24.2033,-68.805
"327","Unknown","Unknown",38.9833,-111.85
"328","Unknown","Unknown",39.4,-100.4
"329","Unknown","Unknown",66.8,28.45
"330","Unknown","Unknown",40.9167,-111.6667
"331","Unknown","Unknown",37.95,-85.7833
"332","Unknown","Unknown",42.5333,-122.875
"333","Unknown","Unknown",31.4167,-100.35
"334","Unknown","Unknown",34.0006,-115.7297
"335","Unknown","Unknown",-27.5586,-56.1344
"336","Unknown","Unknown",-35.5333,-58.7667
"337","Unknown","Unknown",-23.4333,-69.5
"338","Unknown","Unknown",36,-119
"339","Unknown","Unknown",23.4833,-104.3667
"340","Unknown","Unknown",35,-112
"341","Unknown","Unknown",32.1666,-111.1172
"342","Unknown","Unknown",24.7,-99.0833
"343","Unknown","Unknown",-25.575,-69.795
"344","Unknown","Unknown",-25.4462,-69.8587
"345","Unknown","Unknown",-25.4473,-69.8607
"346","Unknown","Unknown",-25.4458,-69.8635
"347","Unknown","Unknown",-25.4463,-69.8553
"348","Unknown","Unknown",-25.4475,-69.851
"349","Unknown","Unknown",-25.4485,-69.8518
"350","Unknown","Unknown",-25.4477,-69.8718
"351","Unknown","Unknown",-25.4477,-69.8673
"352","Unknown","Unknown",-25.4478,-69.8673
"353","Unknown","Unknown",-25.4432,-69.8955
"354","Unknown","Unknown",-25.4438,-69.8703
"355","Unknown","Unknown",-25.445,-69.8707
"356","Unknown","Unknown",-25.4445,-69.867
"357","Unknown","Unknown",-25.4442,-69.8715
"358","Unknown","Unknown",-25.4435,-69.8745
"359","Unknown","Unknown",-25.443,-69.8752
"360","Unknown","Unknown",-25.4425,-69.874
"361","Unknown","Unknown",-25.4415,-69.8762
"362","Unknown","Unknown",-25.4417,-69.8735
"363","Unknown","Unknown",-25.4425,-69.8722
"364","Unknown","Unknown",-25.443,-69.8718
"365","Unknown","Unknown",-25.44,-69.8723
"366","Unknown","Unknown",-25.372,-69.8995
"367","Unknown","Unknown",-25.4425,-69.8712
"368","Unknown","Unknown",-25.4427,-69.8712
"369","Unknown","Unknown",-25.4412,-69.8712
"370","Unknown","Unknown",-25.4418,-69.871
"371","Unknown","Unknown",-25.4418,-69.8703
"372","Unknown","Unknown",-25.4403,-69.879
"373","Unknown","Unknown",-25.4425,-69.8772
"374","Unknown","Unknown",-25.4408,-69.8688
"375","Unknown","Unknown",-25.4403,-69.8682
"376","Unknown","Unknown",-25.4397,-69.8798
"377","Unknown","Unknown",-25.4405,-69.8802
"378","Unknown","Unknown",-25.4398,-69.8803
"379","Unknown","Unknown",-25.4418,-69.8817
"380","Unknown","Unknown",-25.371,-69.8975
"381","Unknown","Unknown",-25.44,-69.884
"382","Unknown","Unknown",-25.4395,-69.884
"383","Unknown","Unknown",-25.4448,-69.881
"384","Unknown","Unknown",-25.4432,-69.8825
"385","Unknown","Unknown",-25.4437,-69.884
"386","Unknown","Unknown",-25.4435,-69.8667
"387","Unknown","Unknown",-25.4423,-69.8647
"388","Unknown","Unknown",-25.443,-69.8637
"389","Unknown","Unknown",-25.4473,-69.8835
"390","Unknown","Unknown",-25.4393,-69.8863
"391","Unknown","Unknown",-25.4397,-69.8865
"392","Unknown","Unknown",-25.4387,-69.8865
"393","Unknown","Unknown",-25.4395,-69.8858
"394","Unknown","Unknown",-25.44,-69.8883
"395","Unknown","Unknown",-25.4407,-69.8637
"396","Unknown","Unknown",-25.4393,-69.8635
"397","Unknown","Unknown",-25.4388,-69.8588
"398","Unknown","Unknown",-25.449,-69.8815
"399","Unknown","Unknown",-25.4493,-69.8815
"400","Unknown","Unknown",-25.449,-69.8803
"401","Unknown","Unknown",-25.4465,-69.8858
"402","Unknown","Unknown",-25.4407,-69.8608
"403","Unknown","Unknown",-25.4252,-69.6902
"404","Unknown","Unknown",-25.5833,-69.7833
"405","Unknown","Unknown",-33.3333,-66.3833
"406","Unknown","Unknown",29.5,-98.5
"407","Unknown","Unknown",-16.2167,-50.3
"408","Unknown","Unknown",39.43,-99.995
"409","Unknown","Unknown",40.8167,-102.25
"410","Unknown","Unknown",30.1333,-102.15
"411","Unknown","Unknown",40.4333,-98.0667
"412","Unknown","Unknown",35.25,-106.5
"413","Unknown","Unknown",35.9333,-91.6333
"414","Unknown","Unknown",19.2167,-98.3
"415","Unknown","Unknown",-26.2167,-48.6
"416","Unknown","Unknown",24.4667,-103.35
"417","Unknown","Unknown",-16.2667,-47.95
"418","Unknown","Unknown",5.9167,-73
"419","Unknown","Unknown",27.3333,-112.3333
"420","Unknown","Unknown",-33.5094,-53.4108
"421","Unknown","Unknown",24.5,-106
"422","Unknown","Unknown",-21.55,-43.0167
"423","Unknown","Unknown",41.7661,-8.5836
"424","Unknown","Unknown",36.5,137
"425","Unknown","Unknown",39.8443,-100.51
"426","Unknown","Unknown",32.9489,-81.865
"427","Unknown","Unknown",48.4833,44.8167
"428","Unknown","Unknown",45.9835,105.7588
"429","Unknown","Unknown",26.4455,15.5925
"430","Unknown","Unknown",26.812,15.8747
"431","Unknown","Unknown",26.4277,15.8483
"432","Unknown","Unknown",27.1388,15.5475
"433","Unknown","Unknown",26.8425,15.6918
"434","Unknown","Unknown",24.297,18.4143
"435","Unknown","Unknown",24.4,81.8833
"436","Unknown","Unknown",35.1667,-88.1833
"437","Unknown","Unknown",40.8622,-118.5417
"438","Unknown","Unknown",37.5239,-98.6299
"439","Unknown","Unknown",20.5167,56.6667
"440","Unknown","Unknown",20.9718,56.878
"441","Unknown","Unknown",20.979,57.162
"442","Unknown","Unknown",20.796,57.208
"443","Unknown","Unknown",20.996,57.3258
"444","Unknown","Unknown",20.927,57.2855
"445","Unknown","Unknown",20.9523,57.3045
"446","Unknown","Unknown",20.9805,57.319
"447","Unknown","Unknown",20.9915,57.307
"448","Unknown","Unknown",20.992,57.3058
"449","Unknown","Unknown",21.0033,57.2885
"450","Unknown","Unknown",20.9825,57.3148
"451","Unknown","Unknown",20.9655,57.3208
"452","Unknown","Unknown",21.0198,57.2982
"453","Unknown","Unknown",21.048,57.2867
"454","Unknown","Unknown",20.9787,57.3272
"455","Unknown","Unknown",20.9683,57.3173
"456","Unknown","Unknown",20.551,57.1443
"457","Unknown","Unknown",20.6827,57.179
"458","Unknown","Unknown",20.6943,57.1605
"459","Unknown","Unknown",21.0523,57.2857
"460","Unknown","Unknown",21.0718,57.2662
"461","Unknown","Unknown",21.0903,57.2473
"462","Unknown","Unknown",21.1153,57.2212
"463","Unknown","Unknown",21.0218,57.2467
"464","Unknown","Unknown",21.0585,57.2728
"465","Unknown","Unknown",20.9675,57.3235
"466","Unknown","Unknown",21.0657,57.2245
"467","Unknown","Unknown",21.0848,57.0552
"468","Unknown","Unknown",20.8258,57.1993
"469","Unknown","Unknown",21.051,57.2765
"470","Unknown","Unknown",21.054,57.2768
"471","Unknown","Unknown",20.9967,57.2912
"472","Unknown","Unknown",21.0652,57.2817
"473","Unknown","Unknown",20.6737,57.18
"474","Unknown","Unknown",20.6658,57.1863
"475","Unknown","Unknown",21.0692,57.289
"476","Unknown","Unknown",21.0682,57.281
"477","Unknown","Unknown",21.0569,57.2764
"478","Unknown","Unknown",21.0636,57.2714
"479","Unknown","Unknown",21.0756,57.2572
"480","Unknown","Unknown",20.7231,57.1253
"481","Unknown","Unknown",20.9367,57.2611
"482","Unknown","Unknown",21.0608,57.2719
"483","Unknown","Unknown",21.0436,57.0175
"484","Unknown","Unknown",20.8233,57.0853
"485","Unknown","Unknown",20.9383,56.8772
"486","Unknown","Unknown",21.0092,56.9869
"487","Unknown","Unknown",20.9807,57.3022
"488","Unknown","Unknown",20.9758,57.323
"489","Unknown","Unknown",20.974,57.3208
"490","Unknown","Unknown",21.011,57.3207
"491","Unknown","Unknown",21.015,57.338
"492","Unknown","Unknown",20.9828,57.3348
"493","Unknown","Unknown",20.9735,57.305
"494","Unknown","Unknown",20.53,56.6717
"495","Unknown","Unknown",21.0617,57.3267
"496","Unknown","Unknown",20.4567,56.6567
"497","Unknown","Unknown",20.5417,56.6783
"498","Unknown","Unknown",20.98,57.3183
"499","Unknown","Unknown",20.5067,56.655
"500","Unknown","Unknown",21.06,57.29
"501","Unknown","Unknown",20.5817,56.7983
"502","Unknown","Unknown",21,57.31
"503","Unknown","Unknown",21.035,57.2681
"504","Unknown","Unknown",20.5317,56.6767
"505","Unknown","Unknown",20.0433,57.2783
"506","Unknown","Unknown",21.3267,57.1783
"507","Unknown","Unknown",20.819,57.3397
"508","Unknown","Unknown",20.7752,57.2817
"509","Unknown","Unknown",20.819,57.2637
"510","Unknown","Unknown",20.6382,57.169
"511","Unknown","Unknown",20.6515,57.169
"512","Unknown","Unknown",20.6275,57.1643
"513","Unknown","Unknown",20.6845,57.1407
"514","Unknown","Unknown",20.7325,57.122
"515","Unknown","Unknown",21.0118,57.33
"516","Unknown","Unknown",21.004,57.3187
"517","Unknown","Unknown",21.0518,57.2697
"518","Unknown","Unknown",21.0683,57.27
"519","Unknown","Unknown",20.71,57.0217
"520","Unknown","Unknown",20.32,57.2317
"521","Unknown","Unknown",20.53,56.665
"522","Unknown","Unknown",20.8817,57.2
"523","Unknown","Unknown",21,57.32
"524","Unknown","Unknown",21.1667,56.6667
"525","Unknown","Unknown",21.1702,56.6828
"526","Unknown","Unknown",21.0992,57.0912
"527","Unknown","Unknown",20.9912,57.3388
"528","Unknown","Unknown",21.1231,56.9824
"529","Unknown","Unknown",21.1091,56.9335
"530","Unknown","Unknown",21.1454,56.7875
"531","Unknown","Unknown",21.1449,56.8059
"532","Unknown","Unknown",20.6157,57.1632
"533","Unknown","Unknown",20.8275,57.3055
"534","Unknown","Unknown",21.053,57.2627
"535","Unknown","Unknown",20.935,57.0117
"536","Unknown","Unknown",20.9833,57.3267
"537","Unknown","Unknown",21.0183,57.3133
"538","Unknown","Unknown",21.0583,57.2917
"539","Unknown","Unknown",20.5417,56.6883
"540","Unknown","Unknown",20.9267,57.255
"541","Unknown","Unknown",21.0667,57.3167
"542","Unknown","Unknown",21.085,57.28
"543","Unknown","Unknown",20.99,57.3067
"544","Unknown","Unknown",20.985,57.2967
"545","Unknown","Unknown",21.0433,57.2967
"546","Unknown","Unknown",21.06,57.265
"547","Unknown","Unknown",21.0467,57.255
"548","Unknown","Unknown",20.46,56.675
"549","Unknown","Unknown",20.5417,56.68
"550","Unknown","Unknown",20.5367,56.6833
"551","Unknown","Unknown",20.9983,57.3217
"552","Unknown","Unknown",21.0033,57.315
"553","Unknown","Unknown",21.0033,57.3217
"554","Unknown","Unknown",21.0083,57.31
"555","Unknown","Unknown",21.07,57.3133
"556","Unknown","Unknown",21.02,57.2817
"557","Unknown","Unknown",21.0083,57
"558","Unknown","Unknown",21.0067,57.3217
"559","Unknown","Unknown",20.98,57.3333
"560","Unknown","Unknown",21.0883,57.2917
"561","Unknown","Unknown",20.9983,57.315
"562","Unknown","Unknown",21.09,56.915
"563","Unknown","Unknown",21.0033,57.3183
"564","Unknown","Unknown",21.07,57.27
"565","Unknown","Unknown",21.0683,57.3156
"566","Unknown","Unknown",20.9987,57.2947
"567","Unknown","Unknown",21.0336,57.3206
"568","Unknown","Unknown",21.0648,57.2736
"569","Unknown","Unknown",21.0664,57.2676
"570","Unknown","Unknown",21.0713,57.1018
"571","Unknown","Unknown",21.1837,57.2101
"572","Unknown","Unknown",21.187,57.2087
"573","Unknown","Unknown",21.2077,57.2114
"574","Unknown","Unknown",21.0629,57.3156
"575","Unknown","Unknown",21.0426,57.2977
"576","Unknown","Unknown",21.057,57.2997
"577","Unknown","Unknown",21.0074,57.2666
"578","Unknown","Unknown",21.0483,57.3092
"579","Unknown","Unknown",21.0516,57.3114
"580","Unknown","Unknown",21.0464,57.3103
"581","Unknown","Unknown",21.0391,57.3102
"582","Unknown","Unknown",21.0386,57.2938
"583","Unknown","Unknown",20.992,57.3199
"584","Unknown","Unknown",21.0372,57.2902
"585","Unknown","Unknown",21.0369,57.2899
"586","Unknown","Unknown",21.038,57.2928
"587","Unknown","Unknown",21.0517,57.2379
"588","Unknown","Unknown",20.9987,57.325
"589","Unknown","Unknown",21.0675,57.2722
"590","Unknown","Unknown",21.0657,57.2636
"591","Unknown","Unknown",21.0172,57.3203
"592","Unknown","Unknown",20.09,56.7029
"593","Unknown","Unknown",20.09,56.7205
"594","Unknown","Unknown",20.07,56.7237
"595","Unknown","Unknown",21.037,57.3269
"596","Unknown","Unknown",20.9835,57.201
"597","Unknown","Unknown",21.0202,57.2115
"598","Unknown","Unknown",21.0206,57.2131
"599","Unknown","Unknown",21.1679,56.5414
"600","Unknown","Unknown",21.1052,56.9963
"601","Unknown","Unknown",20.5732,57.3233
"602","Unknown","Unknown",20.966,57.3255
"603","Unknown","Unknown",21.0133,57.3183
"604","Unknown","Unknown",20.9933,57.28
"605","Unknown","Unknown",21.0552,57.2975
"606","Unknown","Unknown",21.0645,57.2992
"607","Unknown","Unknown",20.573,56.7026
"608","Unknown","Unknown",21.0483,57.2583
"609","Unknown","Unknown",20.995,57.325
"610","Unknown","Unknown",20.5482,56.6793
"611","Unknown","Unknown",20.7211,57.1269
"612","Unknown","Unknown",20.1762,56.5198
"613","Unknown","Unknown",20.4763,57.3601
"614","Unknown","Unknown",20.5148,57.2774
"615","Unknown","Unknown",20.5646,57.1779
"616","Unknown","Unknown",20.5694,57.3217
"617","Unknown","Unknown",20.5877,57.0975
"618","Unknown","Unknown",20.6024,57.379
"619","Unknown","Unknown",20.8633,56.2033
"620","Unknown","Unknown",20.9659,57.3246
"621","Unknown","Unknown",20.966,57.3257
"622","Unknown","Unknown",20.8635,56.2035
"623","Unknown","Unknown",21.0358,57.3282
"624","Unknown","Unknown",21.0396,57.3109
"625","Unknown","Unknown",21.043,57.3431
"626","Unknown","Unknown",21.0626,57.2738
"627","Unknown","Unknown",21.0626,57.2742
"628","Unknown","Unknown",21.0653,57.2804
"629","Unknown","Unknown",21.0672,57.2835
"630","Unknown","Unknown",21.0696,57.2912
"631","Unknown","Unknown",21.0709,57.3112
"632","Unknown","Unknown",21.071,57.2948
"633","Unknown","Unknown",21.0835,57.2527
"634","Unknown","Unknown",20.004,56.762
"635","Unknown","Unknown",20.1948,57.2022
"636","Unknown","Unknown",20.2013,56.9614
"637","Unknown","Unknown",20.295,56.5076
"638","Unknown","Unknown",20.3317,57.2474
"639","Unknown","Unknown",20.0358,57.2204
"640","Unknown","Unknown",20.3686,56.8867
"641","Unknown","Unknown",20.4028,57.0374
"642","Unknown","Unknown",20.4144,57.0658
"643","Unknown","Unknown",20.4209,57.3593
"644","Unknown","Unknown",20.4242,56.5618
"645","Unknown","Unknown",20.4274,57.103
"646","Unknown","Unknown",20.4334,56.5872
"647","Unknown","Unknown",20.4425,57.233
"648","Unknown","Unknown",20.4841,56.9429
"649","Unknown","Unknown",20.4853,57.2142
"650","Unknown","Unknown",20.4893,57.4006
"651","Unknown","Unknown",20.4904,57.3935
"652","Unknown","Unknown",20.4913,57.3695
"653","Unknown","Unknown",20.4935,57.2519
"654","Unknown","Unknown",20.0603,56.9492
"655","Unknown","Unknown",20.0626,56.9533
"656","Unknown","Unknown",20.5005,57.2705
"657","Unknown","Unknown",20.5022,57.3737
"658","Unknown","Unknown",20.5077,57.1513
"659","Unknown","Unknown",20.5117,57.3184
"660","Unknown","Unknown",20.5132,57.3676
"661","Unknown","Unknown",20.5168,57.3651
"662","Unknown","Unknown",20.5263,57.386
"663","Unknown","Unknown",20.5398,57.3068
"664","Unknown","Unknown",20.5418,57.1989
"665","Unknown","Unknown",20.5437,57.1285
"666","Unknown","Unknown",20.5536,57.3243
"667","Unknown","Unknown",20.5562,57.31
"668","Unknown","Unknown",20.5568,56.8474
"669","Unknown","Unknown",20.5609,57.3326
"670","Unknown","Unknown",20.5623,57.3761
"671","Unknown","Unknown",20.5628,57.2857
"672","Unknown","Unknown",20.5657,57.3583
"673","Unknown","Unknown",20.568,57.3742
"674","Unknown","Unknown",20.5727,57.3694
"675","Unknown","Unknown",20.5794,57.1848
"676","Unknown","Unknown",20.5797,57.1848
"677","Unknown","Unknown",20.581,57.4029
"678","Unknown","Unknown",20.5828,57.3607
"679","Unknown","Unknown",20.583,57.3165
"680","Unknown","Unknown",20.5875,57.3529
"681","Unknown","Unknown",20.5909,57.1975
"682","Unknown","Unknown",20.5964,57.1616
"683","Unknown","Unknown",20.5989,57.0205
"684","Unknown","Unknown",20.5996,57.3753
"685","Unknown","Unknown",20.6006,57.1593
"686","Unknown","Unknown",20.605,57.3218
"687","Unknown","Unknown",20.6133,57.3391
"688","Unknown","Unknown",20.6227,56.9479
"689","Unknown","Unknown",20.6361,57.2141
"690","Unknown","Unknown",20.6684,57.1594
"691","Unknown","Unknown",20.6364,57.2873
"692","Unknown","Unknown",20.6953,57.1832
"693","Unknown","Unknown",20.6962,57.1949
"694","Unknown","Unknown",20.7065,57.1839
"695","Unknown","Unknown",20.7071,57.1832
"696","Unknown","Unknown",20.722,57.2101
"697","Unknown","Unknown",20.7263,57.1597
"698","Unknown","Unknown",20.7278,57.1884
"699","Unknown","Unknown",20.7292,57.189
"700","Unknown","Unknown",20.7689,57.26
"701","Unknown","Unknown",20.7867,57.2141
"702","Unknown","Unknown",20.7903,57.1941
"703","Unknown","Unknown",20.8131,57.3302
"704","Unknown","Unknown",20.9449,57.3558
"705","Unknown","Unknown",20.1002,56.8377
"706","Unknown","Unknown",20.1666,57.0754
"707","Unknown","Unknown",21.2617,57.1789
"708","Unknown","Unknown",21.0446,57.2735
"709","Unknown","Unknown",21.0626,57.3125
"710","Unknown","Unknown",21,57.2
"711","Unknown","Unknown",20.9925,57.3233
"712","Unknown","Unknown",21.0475,57.3176
"713","Unknown","Unknown",21.1136,56.811
"714","Unknown","Unknown",21.0689,57.3133
"715","Unknown","Unknown",21.0029,57.3236
"716","Unknown","Unknown",20.5269,57.1343
"717","Unknown","Unknown",20.5274,57.1352
"718","Unknown","Unknown",21.0038,57.2639
"719","Unknown","Unknown",21.0754,57.147
"720","Unknown","Unknown",20.6004,57.1639
"721","Unknown","Unknown",20.6034,57.1643
"722","Unknown","Unknown",20.6084,57.1601
"723","Unknown","Unknown",21.0439,56.965
"724","Unknown","Unknown",21.0099,57.0386
"725","Unknown","Unknown",20.7937,57.1737
"726","Unknown","Unknown",20.9984,57.3197
"727","Unknown","Unknown",20.7909,57.1835
"728","Unknown","Unknown",21.0686,57.3013
"729","Unknown","Unknown",21.0066,57.3344
"730","Unknown","Unknown",21.0561,57.2924
"731","Unknown","Unknown",21.0596,57.2834
"732","Unknown","Unknown",21.0624,57.2758
"733","Unknown","Unknown",21.0698,57.2639
"734","Unknown","Unknown",20.5983,57.1632
"735","Unknown","Unknown",21.0083,57.3327
"736","Unknown","Unknown",21.0029,57.3274
"737","Unknown","Unknown",21.0642,57.2989
"738","Unknown","Unknown",20.9277,57.2823
"739","Unknown","Unknown",21.2,57.1
"740","Unknown","Unknown",21.0017,57.3117
"741","Unknown","Unknown",20.6117,56.755
"742","Unknown","Unknown",20.68,56.815
"743","Unknown","Unknown",21.0117,57.3117
"744","Unknown","Unknown",21.0133,57.315
"745","Unknown","Unknown",21.005,57.3117
"746","Unknown","Unknown",20.995,57.3267
"747","Unknown","Unknown",20.9983,57.3117
"748","Unknown","Unknown",21.09,57.2583
"749","Unknown","Unknown",21.075,57.2633
"750","Unknown","Unknown",21.0983,57.2783
"751","Unknown","Unknown",21.06,57.2967
"752","Unknown","Unknown",20.9967,57.33
"753","Unknown","Unknown",20.9967,57.3167
"754","Unknown","Unknown",21.005,57.325
"755","Unknown","Unknown",20.5358,56.6709
"756","Unknown","Unknown",20.5429,56.6381
"757","Unknown","Unknown",21.0769,57.2697
"758","Unknown","Unknown",20.5281,56.6753
"759","Unknown","Unknown",20.0641,56.5339
"760","Unknown","Unknown",21.0035,57.1537
"761","Unknown","Unknown",20.9102,56.9023
"762","Unknown","Unknown",20.9142,56.8861
"763","Unknown","Unknown",20.9121,56.847
"764","Unknown","Unknown",21.0057,57.0318
"765","Unknown","Unknown",20.0093,56.5073
"766","Unknown","Unknown",20.043,56.5779
"767","Unknown","Unknown",20.2796,56.5085
"768","Unknown","Unknown",20.2651,56.503
"769","Unknown","Unknown",20.884,56.9938
"770","Unknown","Unknown",20.9224,56.8869
"771","Unknown","Unknown",20.8688,56.6647
"772","Unknown","Unknown",20.8492,56.949
"773","Unknown","Unknown",21.0133,57.0917
"774","Unknown","Unknown",21.2685,57.3162
"775","Unknown","Unknown",20.9302,57.145
"776","Unknown","Unknown",20.9256,57.1223
"777","Unknown","Unknown",21.0848,57.276
"778","Unknown","Unknown",21.0845,57.2932
"779","Unknown","Unknown",21.0553,57.269
"780","Unknown","Unknown",21.0765,57.2959
"781","Unknown","Unknown",21.0769,57.2969
"782","Unknown","Unknown",21.0553,57.2582
"783","Unknown","Unknown",21.0664,57.2648
"784","Unknown","Unknown",21.0891,57.2726
"785","Unknown","Unknown",21.0935,57.2756
"786","Unknown","Unknown",21.0981,57.2804
"787","Unknown","Unknown",21.09,57.2949
"788","Unknown","Unknown",21.099,57.2677
"789","Unknown","Unknown",20.545,56.6742
"790","Unknown","Unknown",20.5516,56.6831
"791","Unknown","Unknown",20.5509,56.6835
"792","Unknown","Unknown",20.5412,56.6805
"793","Unknown","Unknown",20.5388,56.6741
"794","Unknown","Unknown",20.5318,56.6687
"795","Unknown","Unknown",20.5322,56.6718
"796","Unknown","Unknown",20.5307,56.671
"797","Unknown","Unknown",20.5504,56.6854
"798","Unknown","Unknown",20.545,56.6733
"799","Unknown","Unknown",21.04,57.315
"800","Unknown","Unknown",20.8825,57.3572
"801","Unknown","Unknown",20.7933,57.3507
"802","Unknown","Unknown",20.5952,56.8302
"803","Unknown","Unknown",20.4793,56.829
"804","Unknown","Unknown",20.4793,56.7544
"805","Unknown","Unknown",20.4795,56.7443
"806","Unknown","Unknown",20.4382,56.7038
"807","Unknown","Unknown",20.3393,56.5645
"808","Unknown","Unknown",20.0159,56.5581
"809","Unknown","Unknown",20.0256,56.5583
"810","Unknown","Unknown",20.0136,56.5579
"811","Unknown","Unknown",20.097,56.6245
"812","Unknown","Unknown",20.16,56.6463
"813","Unknown","Unknown",20.9978,57.295
"814","Unknown","Unknown",20.9964,57.2879
"815","Unknown","Unknown",21.0879,56.9413
"816","Unknown","Unknown",20.5113,57.2929
"817","Unknown","Unknown",20.3861,56.9388
"818","Unknown","Unknown",20.0517,56.5058
"819","Unknown","Unknown",20.0974,56.6285
"820","Unknown","Unknown",20.1656,56.628
"821","Unknown","Unknown",20.2454,56.5159
"822","Unknown","Unknown",20.0102,56.5219
"823","Unknown","Unknown",20.9226,57.1362
"824","Unknown","Unknown",20.2552,56.5414
"825","Unknown","Unknown",20.3953,56.5888
"826","Unknown","Unknown",20.4429,56.6542
"827","Unknown","Unknown",20.4454,56.6554
"828","Unknown","Unknown",20.5979,56.9788
"829","Unknown","Unknown",20.7862,57.1497
"830","Unknown","Unknown",21.2763,57.1188
"831","Unknown","Unknown",21.2921,57.178
"832","Unknown","Unknown",20.9594,56.9719
"833","Unknown","Unknown",20.2732,56.6341
"834","Unknown","Unknown",20.2926,56.6422
"835","Unknown","Unknown",21.2685,57.1287
"836","Unknown","Unknown",20.5333,57.3
"837","Unknown","Unknown",20.1987,56.8092
"838","Unknown","Unknown",20.7025,57.1112
"839","Unknown","Unknown",20.5278,57.4045
"840","Unknown","Unknown",20.2117,56.6047
"841","Unknown","Unknown",20.532,57.335
"842","Unknown","Unknown",20.7647,57.2697
"843","Unknown","Unknown",20.1262,56.5628
"844","Unknown","Unknown",20.7853,57.2687
"845","Unknown","Unknown",20.53,57.367
"846","Unknown","Unknown",20.6167,57.0333
"847","Unknown","Unknown",20.3833,56.7667
"848","Unknown","Unknown",20.564,56.6655
"849","Unknown","Unknown",21.2545,56.503
"850","Unknown","Unknown",21.29,56.5809
"851","Unknown","Unknown",21.2001,56.7355
"852","Unknown","Unknown",21.0122,56.7796
"853","Unknown","Unknown",20.9393,56.9045
"854","Unknown","Unknown",20.8961,56.9261
"855","Unknown","Unknown",20.9062,56.9489
"856","Unknown","Unknown",20.1254,56.5534
"857","Unknown","Unknown",20.7128,57.1216
"858","Unknown","Unknown",20.7272,57.1074
"859","Unknown","Unknown",20.3565,56.5489
"860","Unknown","Unknown",20.3564,56.5514
"861","Unknown","Unknown",20.3715,56.5108
"862","Unknown","Unknown",20.3716,56.5102
"863","Unknown","Unknown",20.4209,56.5003
"864","Unknown","Unknown",20.4043,56.642
"865","Unknown","Unknown",20.407,56.6523
"866","Unknown","Unknown",20.4153,56.6655
"867","Unknown","Unknown",21.0371,57.2311
"868","Unknown","Unknown",20.9645,56.7203
"869","Unknown","Unknown",20.526,56.7972
"870","Unknown","Unknown",20.0302,56.648
"871","Unknown","Unknown",21.0063,57.3218
"872","Unknown","Unknown",20.1345,56.5898
"873","Unknown","Unknown",20.2665,56.5165
"874","Unknown","Unknown",20.3806,56.5934
"875","Unknown","Unknown",20.4014,56.6382
"876","Unknown","Unknown",20.5374,56.9892
"877","Unknown","Unknown",20.3956,56.6359
"878","Unknown","Unknown",21.1071,57.0436
"879","Unknown","Unknown",21.0597,57.2763
"880","Unknown","Unknown",21.0592,57.2762
"881","Unknown","Unknown",20.7658,57.2833
"882","Unknown","Unknown",20.5123,57.2833
"883","Unknown","Unknown",20.5118,57.2869
"884","Unknown","Unknown",20.3885,57.003
"885","Unknown","Unknown",20.5381,56.6657
"886","Unknown","Unknown",20.5995,57.1429
"887","Unknown","Unknown",20.0998,56.7051
"888","Unknown","Unknown",20.238,56.9303
"889","Unknown","Unknown",20.5048,56.8341
"890","Unknown","Unknown",20.4247,56.6501
"891","Unknown","Unknown",20.7705,57.0891
"892","Unknown","Unknown",20.5963,57.1592
"893","Unknown","Unknown",20.0992,56.5984
"894","Unknown","Unknown",20.241,56.6424
"895","Unknown","Unknown",20.0513,56.5922
"896","Unknown","Unknown",21.0404,57.0436
"897","Unknown","Unknown",20.1742,56.5111
"898","Unknown","Unknown",21.0673,57.2677
"899","Unknown","Unknown",-32.0833,21.3333
"900","Unknown","Unknown",53.4,18.45
"901","Unknown","Unknown",38.4667,-100.9333
"902","Unknown","Unknown",-87.0333,-148
"903","Unknown","Unknown",36.7667,-86.1667
"904","Unknown","Unknown",32.5,-101
"905","Unknown","Unknown",32.9333,-102.5833
"906","Unknown","Unknown",32.9172,-102.5
"907","Unknown","Unknown",32.9833,-102.5667
"908","Unknown","Unknown",52.2667,15.55
"909","Unknown","Unknown",-30.5833,125.2167
"910","Unknown","Unknown",20.8183,12.9733
"911","Unknown","Unknown",39.3667,-100.6333
"912","Unknown","Unknown",39.3,-102.8333
"913","Unknown","Unknown",39.2767,-102.8867
"914","Unknown","Unknown",49.75,14.4167
"915","Unknown","Unknown",39.5333,-100.5667
"916","Unknown","Unknown",35.2833,-112.8667
"917","Unknown","Unknown",32.4,-87
"918","Unknown","Unknown",32.6833,-102.6167
"919","Unknown","Unknown",32.5433,-102.705
"920","Unknown","Unknown",32.55,-102.3917
"921","Unknown","Unknown",32.7167,-102.65
"922","Unknown","Unknown",32.7004,-102.6727
"923","Unknown","Unknown",39.8333,-96.0667
"924","Unknown","Unknown",42.9167,-76.7833
"925","Unknown","Unknown",41.7833,-84.1833
"926","Unknown","Unknown",-24.55,-69.0667
"927","Unknown","Unknown",34.2689,-101.6472
"928","Unknown","Unknown",-19.3678,-66.9679
"929","Unknown","Unknown",60.5,57
"930","Unknown","Unknown",62.9,152.4333
"931","Unknown","Unknown",37.2375,-92.7869
"932","Unknown","Unknown",32.4,-102.5833
"933","Unknown","Unknown",30.5538,57.7842
"934","Unknown","Unknown",18.185,55.11
"935","Unknown","Unknown",18.7073,55.7214
"936","Unknown","Unknown",18.1823,55.5018
"937","Unknown","Unknown",18.2143,55.7132
"938","Unknown","Unknown",18.4473,55.9216
"939","Unknown","Unknown",18.5263,55.933
"940","Unknown","Unknown",18.868,55.4507
"941","Unknown","Unknown",18.8725,55.4759
"942","Unknown","Unknown",18.8887,55.4378
"943","Unknown","Unknown",18.9002,55.5935
"944","Unknown","Unknown",18.9426,55.6314
"945","Unknown","Unknown",18.9865,55.5865
"946","Unknown","Unknown",18.9993,55.4952
"947","Unknown","Unknown",18.974,55.089
"948","Unknown","Unknown",18.6515,55.1419
"949","Unknown","Unknown",18.6539,55.1467
"950","Unknown","Unknown",18.8984,55.5819
"951","Unknown","Unknown",18.911,55.5569
"952","Unknown","Unknown",18.9112,55.557
"953","Unknown","Unknown",33.7,-101.9333
"954","Unknown","Unknown",42.5,114
"955","Unknown","Unknown",38.7708,-101.7983
"956","Unknown","Unknown",39.5333,-103.3333
"957","Unknown","Unknown",34.125,-115.5633
"958","Unknown","Unknown",35.765,140.41
"959","Unknown","Unknown",38.7,-100.35
"960","Unknown","Unknown",38.6667,-120.9333
"961","Unknown","Unknown",36.7,137.3667
"962","Unknown","Unknown",39.5,140.2
"963","Unknown","Unknown",18.508,53.9873
"964","Unknown","Unknown",18.5875,53.9142
"965","Unknown","Unknown",18.5695,53.9102
"966","Unknown","Unknown",18.5843,53.9137
"967","Unknown","Unknown",18.4662,53.8342
"968","Unknown","Unknown",18.415,53.9883
"969","Unknown","Unknown",18.2925,53.5675
"970","Unknown","Unknown",18.5417,53.9983
"971","Unknown","Unknown",18.5633,53.9267
"972","Unknown","Unknown",18.55,53.97
"973","Unknown","Unknown",18.5583,53.9133
"974","Unknown","Unknown",18.5617,53.9717
"975","Unknown","Unknown",18.4917,53.8817
"976","Unknown","Unknown",18.3288,53.886
"977","Unknown","Unknown",18.5491,53.9229
"978","Unknown","Unknown",18.4384,53.9689
"979","Unknown","Unknown",18.4232,53.6091
"980","Unknown","Unknown",18.5373,53.9331
"981","Unknown","Unknown",18.5475,53.8935
"982","Unknown","Unknown",18.5593,53.8916
"983","Unknown","Unknown",18.6045,53.8876
"984","Unknown","Unknown",18.1672,53.8456
"985","Unknown","Unknown",18.5529,53.9874
"986","Unknown","Unknown",18.5547,53.9969
"987","Unknown","Unknown",18.1074,53.8319
"988","Unknown","Unknown",18.123,53.7548
"989","Unknown","Unknown",18.1413,53.9121
"990","Unknown","Unknown",18.1428,53.8075
"991","Unknown","Unknown",18.1501,53.8005
"992","Unknown","Unknown",18.1536,53.7749
"993","Unknown","Unknown",18.2133,53.8468
"994","Unknown","Unknown",18.041,53.6927
"995","Unknown","Unknown",18.3472,53.7477
"996","Unknown","Unknown",18.4206,54.0506
"997","Unknown","Unknown",18.4296,54.0413
"998","Unknown","Unknown",18.5075,53.9933
"999","Unknown","Unknown",18.542,53.9375
"1000","Unknown","Unknown",18.5459,53.9338
"1001","Unknown","Unknown",18.5472,53.957
"1002","Unknown","Unknown",18.5478,53.9501
"1003","Unknown","Unknown",18.5528,53.9355
"1004","Unknown","Unknown",18.5745,53.8161
"1005","Unknown","Unknown",18.5924,53.8125
"1006","Unknown","Unknown",18.1532,53.8419
"1007","Unknown","Unknown",18.1517,53.9482
"1008","Unknown","Unknown",18.5486,53.9505
"1009","Unknown","Unknown",18.5474,53.9943
"1010","Unknown","Unknown",18.5475,53.9999
"1011","Unknown","Unknown",18.2035,53.8111
"1012","Unknown","Unknown",18.6262,53.9158
"1013","Unknown","Unknown",18.6262,53.9156
"1014","Unknown","Unknown",18.5217,53.8039
"1015","Unknown","Unknown",18.5519,53.9091
"1016","Unknown","Unknown",18.5435,53.9763
"1017","Unknown","Unknown",18.1915,53.8129
"1018","Unknown","Unknown",18.1903,53.8083
"1019","Unknown","Unknown",18.1923,53.8037
"1020","Unknown","Unknown",18.6542,53.9285
"1021","Unknown","Unknown",18.189,53.8049
"1022","Unknown","Unknown",18.6521,53.9271
"1023","Unknown","Unknown",18.2498,53.9964
"1024","Unknown","Unknown",18.2509,53.9987
"1025","Unknown","Unknown",18.2528,53.9987
"1026","Unknown","Unknown",18.2537,53.9988
"1027","Unknown","Unknown",18.2538,53.9986
"1028","Unknown","Unknown",18.2544,53.9984
"1029","Unknown","Unknown",18.2531,53.9955
"1030","Unknown","Unknown",18.2542,53.998
"1031","Unknown","Unknown",18.2547,53.9945
"1032","Unknown","Unknown",18.2586,53.9921
"1033","Unknown","Unknown",18.2587,53.9932
"1034","Unknown","Unknown",18.258,53.9935
"1035","Unknown","Unknown",18.258,53.9934
"1036","Unknown","Unknown",18.2581,53.9932
"1037","Unknown","Unknown",18.2582,53.9931
"1038","Unknown","Unknown",18.2584,53.9928
"1039","Unknown","Unknown",18.2587,53.9924
"1040","Unknown","Unknown",18.2594,53.993
"1041","Unknown","Unknown",18.2588,53.9928
"1042","Unknown","Unknown",18.259,53.9918
"1043","Unknown","Unknown",18.2593,53.9911
"1044","Unknown","Unknown",18.2543,53.9973
"1045","Unknown","Unknown",18.2543,53.995
"1046","Unknown","Unknown",18.2539,53.997
"1047","Unknown","Unknown",18.254,53.9987
"1048","Unknown","Unknown",18.2539,53.9978
"1049","Unknown","Unknown",18.2515,53.9988
"1050","Unknown","Unknown",18.2514,53.9969
"1051","Unknown","Unknown",18.2517,53.9981
"1052","Unknown","Unknown",18.2522,53.998
"1053","Unknown","Unknown",18.2519,53.998
"1054","Unknown","Unknown",18.2509,53.9969
"1055","Unknown","Unknown",18.2507,53.9967
"1056","Unknown","Unknown",18.2522,53.9974
"1057","Unknown","Unknown",18.254,53.9952
"1058","Unknown","Unknown",18.2542,53.9948
"1059","Unknown","Unknown",18.2552,53.997
"1060","Unknown","Unknown",18.2543,53.9955
"1061","Unknown","Unknown",18.2589,53.9937
"1062","Unknown","Unknown",18.2599,53.9928
"1063","Unknown","Unknown",18.2611,53.9933
"1064","Unknown","Unknown",18.2611,53.9923
"1065","Unknown","Unknown",18.2593,53.9925
"1066","Unknown","Unknown",18.2591,53.992
"1067","Unknown","Unknown",18.3363,53.3335
"1068","Unknown","Unknown",18.6042,53.9147
"1069","Unknown","Unknown",18.5667,53.8333
"1070","Unknown","Unknown",18.5571,53.9138
"1071","Unknown","Unknown",18.2525,53.998
"1072","Unknown","Unknown",18.6066,53.9601
"1073","Unknown","Unknown",18.5491,53.978
"1074","Unknown","Unknown",18.3233,53.3877
"1075","Unknown","Unknown",18.6067,53.9512
"1076","Unknown","Unknown",18.6042,53.9683
"1077","Unknown","Unknown",18.3644,53.5969
"1078","Unknown","Unknown",18.6358,53.9047
"1079","Unknown","Unknown",18.5436,53.9913
"1080","Unknown","Unknown",18.5472,53.9381
"1081","Unknown","Unknown",18.2201,53.821
"1082","Unknown","Unknown",40.3167,126.9167
"1083","Unknown","Unknown",39.7667,-76.6667
"1084","Unknown","Unknown",41.05,-102.9
"1085","Unknown","Unknown",27.15,-104.9
"1086","Unknown","Unknown",-40.8,-67.4833
"1087","Unknown","Unknown",33,-107.5
"1088","Unknown","Unknown",-22.9,-69.35
"1089","Unknown","Unknown",-25.1667,-69.2833
"1090","Unknown","Unknown",32.5,-115.5
"1091","Unknown","Unknown",22.7833,4.15
"1092","Unknown","Unknown",35.5175,-116.1761
"1093","Unknown","Unknown",32.4833,-111.5667
"1094","Unknown","Unknown",41.2333,-104.9833
"1095","Unknown","Unknown",35.3733,-116.125
"1096","Unknown","Unknown",35.3444,-116.1149
"1097","Unknown","Unknown",-31.8833,141.2
"1098","Unknown","Unknown",34.5333,-101.1833
"1099","Unknown","Unknown",54.3,48.4
"1100","Unknown","Unknown",-33.85,18.95
"1101","Unknown","Unknown",31,11.6667
"1102","Unknown","Unknown",30.9167,11.7833
"1103","Unknown","Unknown",30.9,11.7833
"1104","Unknown","Unknown",30.9667,11.6167
"1105","Unknown","Unknown",18.3167,73.9167
"1106","Unknown","Unknown",14,-11
"1107","Unknown","Unknown",28.5,25.5
"1108","Unknown","Unknown",49.25,-111.8667
"1109","Unknown","Unknown",33.4333,-101.75
"1110","Unknown","Unknown",-30.25,126.3333
"1111","Unknown","Unknown",-30.4833,126.25
"1112","Unknown","Unknown",-30.3,126.0333
"1113","Unknown","Unknown",-30.3667,126.1833
"1114","Unknown","Unknown",-30.1737,126.2923
"1115","Unknown","Unknown",-30.1667,126.4043
"1116","Unknown","Unknown",-30.16,126.3867
"1117","Unknown","Unknown",-30.2,126.5
"1118","Unknown","Unknown",-30.1628,126.4083
"1119","Unknown","Unknown",-30.15,126.4283
"1120","Unknown","Unknown",-30.1633,126.4085
"1121","Unknown","Unknown",-30.1687,126.2872
"1122","Unknown","Unknown",-30.1242,126.4515
"1123","Unknown","Unknown",-30.0275,126.2702
"1124","Unknown","Unknown",-30.0318,126.2728
"1125","Unknown","Unknown",-30.0128,126.2578
"1126","Unknown","Unknown",-30.1023,126.3515
"1127","Unknown","Unknown",-30.1052,126.35
"1128","Unknown","Unknown",-30.1135,126.2512
"1129","Unknown","Unknown",-30.1183,126.2477
"1130","Unknown","Unknown",-30.1065,126.2627
"1131","Unknown","Unknown",-30.1087,126.2603
"1132","Unknown","Unknown",-30.1055,126.2555
"1133","Unknown","Unknown",-30.1792,126.4006
"1134","Unknown","Unknown",-30.1736,126.4344
"1135","Unknown","Unknown",-30.1603,126.3483
"1136","Unknown","Unknown",33.1186,-102.7406
"1137","Unknown","Unknown",34.65,-91.5833
"1138","Unknown","Unknown",26.6833,-11.7333
"1139","Unknown","Unknown",39.8333,-99.0167
"1140","Unknown","Unknown",37.1333,-88.4
"1141","Unknown","Unknown",34,-83.1667
"1142","Unknown","Unknown",36.4167,-80
"1143","Unknown","Unknown",35.9833,-85.85
"1144","Unknown","Unknown",40.9547,-118.4969
"1145","Unknown","Unknown",33.5833,-102.1667
"1146","Unknown","Unknown",32.7167,-100.9167
"1147","Unknown","Unknown",32.1583,-111.1133
"1148","Unknown","Unknown",33.7,-83.7
"1149","Unknown","Unknown",-29.05,-51.4333
"1150","Unknown","Unknown",23.6333,-103.6667
"1151","Unknown","Unknown",32.1833,-97.8
"1152","Unknown","Unknown",41.3833,-123.5
"1153","Unknown","Unknown",34.0333,-95.5833
"1154","Unknown","Unknown",55.4295,55.7873
"1155","Unknown","Unknown",41.65,-86.2167
"1156","Unknown","Unknown",43.0333,-78.0333
"1157","Unknown","Unknown",22.5667,48.3
"1158","Unknown","Unknown",21,56.6667
"1159","Unknown","Unknown",34.2667,-101.25
"1160","Unknown","Unknown",44.5064,-81.3722
"1161","Unknown","Unknown",34.0011,-102.1283
"1162","Unknown","Unknown",36.25,-101.2167
"1163","Unknown","Unknown",36.3461,-97.185
"1164","Unknown","Unknown",37.3833,-102.6333
"1165","Unknown","Unknown",37.4833,-102.6767
"1166","Unknown","Unknown",34.3444,-102.2236
"1167","Unknown","Unknown",52,-108.3
"1168","Unknown","Unknown",40.801,-114.701
"1169","Unknown","Unknown",40.792,-114.708
"1170","Unknown","Unknown",32,-98
"1171","Unknown","Unknown",58.6167,98.9333
"1172","Unknown","Unknown",46.4,30.8
"1173","Unknown","Unknown",34.25,-119.3
"1174","Unknown","Unknown",-41.0667,-62.85
